,clf,fscore,accuracy
0,Logisitc Regression,0.8210308892389045,0.8254597084951717
1,AdaBoost LogReg,0.8138043450225622,0.8204006666543536
