,clf,fscore,accuracy
0,Logisitc Regression,0.8254597084951717,0.8210308892389045
1,Bagging LogReg,0.8247756375775586,0.8204518608740244
