C, fscore, accuracy, precision, recall
0.001, 0.5597806959159275, 0.6871882610543707, 0.47222771559912696, 0.6871882610543707
0.01, 0.5597806959159275, 0.6871882610543707, 0.47222771559912696, 0.6871882610543707
0.05, 0.6846445825197429, 0.7487174697701293, 0.7605347777821032, 0.7487174697701293
0.1, 0.7620547854749992, 0.7925753875218802, 0.7892386577003878, 0.7925753875218802
0.5, 0.8191517005795934, 0.8280604195652226, 0.8193587187879657, 0.8280604195652226
1, 0.8225366046060989, 0.82930736582737, 0.8210572845109738, 0.82930736582737
1.5, 0.8214949681768499, 0.8277397417859997, 0.8196603185852773, 0.8277397417859997
5, 0.8102339087772993, 0.8151631242323806, 0.8077469111998031, 0.8151631242323806
10, 0.8011102729560875, 0.8053299344344846, 0.7985712268274427, 0.8053299344344846
