,clf,fscore,accuracy
0,Logisitc Regression,0.8202271655747889,0.8235714003276657
1,AdaBoost LogReg,0.8079283120337143,0.8117074839815024
