,clf,fscore,accuracy
0,Logisitc Regression,0.8235714003276657,0.8202271655747889
1,Bagging LogReg,0.8228766907144853,0.819665023198955
