,clf,fscore,accuracy
0,Adaboost LogReg,0.8132750762883075,0.8089906876016132
1,Adaboost Decision Tree,0.7088500085461182,0.6557682680677328
2,Logisitc Regression,0.8235714003276657,0.8202271655747889
3,Bagging LogReg,0.8239276144727642,0.820701343378278
