,clf,fscore,accuracy
0,Adaboost LogReg,0.6871882610543707,0.5597925220712898
1,Adaboost Decision Tree,0.6871882610543707,0.5597925220712898
2,Logisitc Regression,0.6871882610543707,0.5597806959159275
