dim, fscore, accuracy, precision, recall
25, 0.7812340183530777, 0.7951549697185607, 0.7806153952035072, 0.7951549697185607
50, 0.8054922594918792, 0.8154613466334164, 0.8037746657456731, 0.8154613466334164
75, 0.8073693726867639, 0.8179551122194514, 0.8069295326954227, 0.8179551122194514
100, 0.8169426753739604, 0.8241895261845387, 0.8153084593980374, 0.8241895261845387
125, 0.8239643117351138, 0.8300676879230495, 0.8217435685903869, 0.8300676879230495
150, 0.8222489006732803, 0.8282864267901674, 0.8203343665052107, 0.8282864267901674
175, 0.8157592721615162, 0.820983256145351, 0.8138759154311029, 0.820983256145351
200, 0.8188602326472936, 0.825258282864268, 0.8177574349064272, 0.825258282864268
